{
  "hash": "ef36fb95",
  "configHash": "30e8a386",
  "lockfileHash": "e7ed76f0",
  "browserHash": "5400c2a0",
  "optimized": {
    "@angular/common": {
      "src": "../../../../../../node_modules/@angular/common/fesm2022/common.mjs",
      "file": "@angular_common.js",
      "fileHash": "9fa4f36e",
      "needsInterop": false
    },
    "@angular/common/http": {
      "src": "../../../../../../node_modules/@angular/common/fesm2022/http.mjs",
      "file": "@angular_common_http.js",
      "fileHash": "2f623cfd",
      "needsInterop": false
    },
    "@angular/core": {
      "src": "../../../../../../node_modules/@angular/core/fesm2022/core.mjs",
      "file": "@angular_core.js",
      "fileHash": "751d252f",
      "needsInterop": false
    },
    "@angular/forms": {
      "src": "../../../../../../node_modules/@angular/forms/fesm2022/forms.mjs",
      "file": "@angular_forms.js",
      "fileHash": "2b79d7bd",
      "needsInterop": false
    },
    "@angular/platform-browser": {
      "src": "../../../../../../node_modules/@angular/platform-browser/fesm2022/platform-browser.mjs",
      "file": "@angular_platform-browser.js",
      "fileHash": "5b412a54",
      "needsInterop": false
    },
    "@angular/router": {
      "src": "../../../../../../node_modules/@angular/router/fesm2022/router.mjs",
      "file": "@angular_router.js",
      "fileHash": "114598d9",
      "needsInterop": false
    }
  },
  "chunks": {
    "chunk-WII57EPS": {
      "file": "chunk-WII57EPS.js"
    },
    "chunk-MHRW3N4O": {
      "file": "chunk-MHRW3N4O.js"
    },
    "chunk-MCO6UI4J": {
      "file": "chunk-MCO6UI4J.js"
    },
    "chunk-RXLE57JX": {
      "file": "chunk-RXLE57JX.js"
    }
  }
}